date,1. open,2. high,3. low,4. close,5. volume,Predicted
2021-08-12,59.86,60.105,59.84,59.84,10837.0,57.784
2021-08-13,59.8,59.91,58.971,59.0056,7555.0,57.784
2021-08-16,57.81,58.7657,57.38,58.605,15352.0,57.784
2021-08-17,58.51,58.565,57.7471,57.98,15065.0,57.784
2021-08-18,58.22,58.24,56.48,56.55,22574.0,57.784
2021-08-19,55.25,55.75,54.64,55.7062,31074.0,56.65214
2021-08-20,54.7,54.87,54.1,54.1,24550.0,55.75762
2021-08-23,56.41,57.4177,56.41,57.0761,30127.0,54.505463
2021-08-24,58.38,59.11,58.3687,58.98,30129.0,56.235424
2021-08-25,59.33,59.68,58.72,59.52,17622.0,58.594936
2021-08-26,58.87,59.43,58.46,59.13,9363.0,59.613388
2021-08-27,59.67,60.0684,59.67,59.9462,17078.0,59.16592
2021-08-30,59.78,60.4,59.65,60.21,10668.0,59.339203
2021-08-31,59.965,60.22,59.77,59.82,8435.0,59.585762
2021-09-01,58.97,59.99,58.84,59.68,20935.0,59.32197
2021-09-02,60.96,61.59,60.94,60.94,10752.0,59.10673
2021-09-03,61.245,61.2665,60.65,60.68,6006.0,60.09936
2021-09-07,59.76,60.24,59.76,59.86,28465.0,60.29676
2021-09-08,60.89,60.89,60.3,60.4843,7872.0,59.589466
2021-09-09,59.65,60.64,59.2,59.5286,9595.0,59.841755
2021-09-10,60.86,61.0,60.64,60.82,11786.0,59.310482
2021-09-13,61.53,61.7301,61.18,61.53,12749.0,60.161133
2021-09-14,61.74,61.74,61.16,61.2504,5424.0,61.10913
2021-09-15,62.41,63.05,62.41,62.63,18553.0,61.044895
2021-09-16,62.56,62.78,61.93,62.61,13652.0,61.968285
2021-09-17,62.06,62.22,61.99,62.22,5224.0,62.186264
2021-09-20,61.37,61.51,60.775,61.25,17784.0,61.750584
2021-09-21,61.12,61.42,60.5115,61.4,12155.0,60.78719
2021-09-22,56.58,56.88,56.31,56.7,20012.0,60.731613
2021-09-23,56.78,57.6471,56.78,57.64,81807.0,57.264866
2021-09-24,57.6988,58.13,57.65,58.02,12002.0,56.973763
2021-09-27,59.23,59.44,59.05,59.33,20319.0,57.75411
2021-09-28,59.97,59.97,58.76,58.8,38300.0,59.1873
2021-09-29,59.06,59.5,58.75,58.8379,27533.0,59.17479
2021-09-30,58.18,59.77,57.75,58.95,26124.0,58.89947
2021-10-01,59.0,59.8035,58.92,59.73,26889.0,58.78795
2021-10-04,60.78,61.63,60.58,61.07,14953.0,59.323368
2021-10-05,61.46,62.31,61.46,62.2079,14511.0,60.53432
2021-10-06,61.44,61.44,60.495,60.52,67947.0,61.719765
2021-10-07,60.66,61.88,60.18,61.88,15055.0,60.457016
2021-10-08,62.39,62.53,61.66,61.99,16054.0,60.937996
2021-10-11,63.06,63.18,62.729,62.75,19599.0,61.34984
2021-10-12,62.97,63.21,62.49,62.75,16137.0,62.059357
2021-10-13,62.2175,63.05,62.1,62.88,12227.0,62.222923
2021-10-14,63.48,63.5,62.79,63.4999,12543.0,62.274254
2021-10-15,63.85,64.0,63.529,63.65,29741.0,62.791546
2021-10-18,64.34,64.34,63.2415,63.48,14007.0,63.06348
2021-10-19,63.52,64.36,63.23,63.83,45589.0,62.926464
2021-10-20,63.67,64.62,63.37,64.5712,9249.0,63.162384
2021-10-21,63.96,64.269,62.8921,63.6869,22768.0,63.902737
2021-10-22,64.03,64.1,63.4,64.1,6462.0,63.3019
2021-10-25,64.56,64.7,64.02,64.02,15550.0,63.40993
2021-10-26,64.41,64.75,64.14,64.64,19764.0,63.471912
2021-10-27,63.86,64.32,63.03,63.06,23027.0,64.04348
2021-10-28,62.94,63.59,62.54,63.59,23067.0,62.822674
2021-10-29,63.18,63.4,62.57,63.11,18692.0,62.912876
2021-11-01,59.5,59.5,57.3321,57.4,30914.0,62.736874
2021-11-02,57.76,57.76,56.91,57.33,28366.0,58.112236
2021-11-03,56.28,56.4612,55.295,55.43,61019.0,56.86205
2021-11-04,57.63,57.63,55.0,55.203,69470.0,55.801006
2021-11-05,56.37,56.91,55.55,56.91,47896.0,55.56097
2021-11-08,57.45,57.48,56.99,57.3,68834.0,56.896187
2021-11-09,57.81,58.0,57.18,58.0,66499.0,57.74533
2021-11-10,58.1,58.1,56.22,56.46,43473.0,58.282475
2021-11-11,56.55,56.88,56.05,56.3757,25148.0,57.06188
2021-11-12,56.0,56.4,55.87,56.11,18560.0,56.334743
2021-11-15,55.53,56.28,55.46,56.18,6887.0,55.970436
2021-11-16,56.27,56.9,55.935,56.89,45124.0,55.97189
2021-11-17,56.6,56.6,54.9,55.34,29025.0,56.541103
2021-11-18,55.875,56.04,55.19,55.87,78412.0,55.661438
2021-11-19,55.39,55.39,54.01,54.15,70509.0,55.582916
2021-11-22,54.8,55.3054,54.422,54.86,67917.0,54.491314
2021-11-23,55.83,56.7665,55.83,56.68,112660.0,54.543434
2021-11-24,56.44,56.8,56.06,56.44,84152.0,56.015114
2021-11-26,53.4,53.4,49.36,50.41,172074.0,56.47732
2021-11-29,52.77,52.77,50.53,50.94,78863.0,52.328236
2021-11-30,49.42,49.86,47.33,48.66,126849.0,50.847733
2021-12-01,43.1,43.1151,40.6638,40.78,112617.0,49.389286
2021-12-02,40.07,42.19,40.07,41.79,77371.0,44.748352
2021-12-03,43.11,43.1658,41.35,41.69,81310.0,42.899532
2021-12-06,42.71,43.92,42.32,43.79,79426.0,42.434032
2021-12-07,44.48,45.38,44.48,44.76,82958.0,43.482113
2021-12-08,44.96,45.5666,44.81,45.47,50951.0,44.800274
2021-12-09,45.1217,45.465,44.28,44.3,80035.0,45.801483
2021-12-10,44.74,45.15,44.4868,45.04,23700.0,45.505993
2021-12-13,44.5,45.17,44.47,44.63,40629.0,45.391163
2021-12-14,43.845,44.32,43.62,44.11,33733.0,45.07086
2021-12-15,43.8,44.82,43.61,44.66,36040.0,44.56577
2021-12-16,44.44,45.31,44.44,44.79,18427.0,44.532646
2021-12-17,44.17,44.47,43.57,43.83,17297.0,44.674778
2021-12-20,42.6,43.24,41.5657,43.23,32535.0,44.29755
2021-12-21,43.825,44.56,43.66,44.56,16034.0,43.74058
2021-12-22,44.5,45.2109,44.2316,45.21,32575.0,44.10317
2021-12-23,39.37,39.799,39.15,39.799,84127.0,44.78671
2021-12-27,39.79,40.825,39.5,40.67,22842.0,42.606606
2021-12-28,40.96,41.1,40.79,40.8661,9251.0,41.425236
2021-12-29,40.67,41.64,40.67,41.11,75132.0,41.08389
2021-12-30,41.14,41.632,41.14,41.21,44072.0,41.203197
2021-12-31,41.22,41.27,40.4717,40.65,46529.0,41.426983
2022-01-03,40.56,41.2899,40.4758,41.0888,38924.0,41.316883
2022-01-04,41.49,41.8983,41.38,41.58,28906.0,41.366367
2022-01-05,42.0627,42.13,41.4,41.401,24874.0,41.62499
2022-01-06,42.36,42.65,42.2301,42.43,35209.0,41.70594
2022-01-07,42.44,42.72,42.15,42.3286,35741.0,42.152782
2022-01-10,42.28,42.28,41.751,41.8,15021.0,42.40225
2022-01-11,42.31,43.379,42.13,43.3187,65177.0,42.234665
2022-01-12,43.6,44.0,43.48,43.8199,17364.0,42.740135
2022-01-13,43.85,43.979,43.3501,43.44,20842.0,43.366833
2022-01-14,43.62,44.57,43.62,44.57,13741.0,43.538284
2022-01-18,45.07,46.1302,44.774,45.49,155971.0,44.06346
2022-01-19,45.64,46.38,45.23,45.389,56494.0,44.8421
2022-01-20,45.93,46.1712,45.14,45.14,29444.0,45.210865
2022-01-21,45.05,45.4349,44.7445,45.2,28073.0,45.17476
2022-01-24,45.04,45.04,43.79,44.71,32419.0,45.11353
2022-01-25,44.64,45.42,44.46,45.26,84155.0,44.84276
2022-01-26,45.83,46.4,45.62,45.82,50433.0,44.970303
2022-01-27,46.65,46.65,45.625,45.94,28496.0,45.41136
2022-01-28,46.83,46.83,45.6,45.94,32317.0,45.753887
2022-01-31,46.3,46.35,45.549,46.29,41715.0,45.902542
2022-02-01,45.91,46.33,45.6,46.19,136470.0,46.119137
2022-02-02,46.38,46.43,45.6601,46.22,91301.0,46.173008
2022-02-03,46.09,47.07,45.95,46.93,27117.0,46.18446
2022-02-04,47.88,48.1473,47.72,47.84,46412.0,46.55959
2022-02-07,47.73,48.0,47.51,47.75,35538.0,47.282917
2022-02-08,46.88,47.56,46.51,46.99,33924.0,47.61067
2022-02-09,47.27,47.56,47.05,47.42,36990.0,47.259872
2022-02-10,47.36,48.07,47.1,47.27,30415.0,47.220753
2022-02-11,47.7,48.86,47.56,48.52,85391.0,47.181576
2022-02-14,48.18,49.24,47.89,48.86,143745.0,47.866077
2022-02-15,47.89,48.32,46.9,47.36,128418.0,48.48731
2022-02-16,48.54,48.54,46.86,46.86,29753.0,47.896
2022-02-17,46.97,47.52,46.79,47.4,51905.0,47.176094
2022-02-18,47.11,47.93,46.52,47.82,47744.0,47.147343
2022-02-22,49.82,49.94,48.2801,48.38,171270.0,47.504974
2022-02-23,49.11,49.69,48.51,48.8851,70731.0,48.057617
2022-02-24,52.16,52.4559,48.011,48.94,191518.0,48.613
2022-02-25,48.32,48.9261,47.56,48.54,87012.0,48.85963
2022-02-28,49.28,50.26,49.28,49.67,93725.0,48.657845
2022-03-01,51.12,52.77,51.12,52.3,235309.0,49.13145
2022-03-02,55.55,56.2445,52.24,54.84,259509.0,50.995792
2022-03-03,54.06,55.58,54.01,54.57,214318.0,53.55659
2022-03-04,56.95,58.49,55.98,58.07,145488.0,54.322105
2022-03-07,57.53,60.26,57.53,59.55,282514.0,56.591255
2022-03-08,61.33,62.4548,58.27,60.74,396352.0,58.46368
2022-03-09,56.57,57.905,50.97,54.23,281298.0,59.673107
2022-03-10,54.77,55.3827,52.765,53.72,128332.0,54.944595
2022-03-11,53.83,55.57,53.83,55.57,92273.0,52.833473
2022-03-14,53.72,53.95,52.5019,53.07,123062.0,53.99715
2022-03-15,51.17,52.02,50.34,50.76,279788.0,53.39264
2022-03-16,52.06,52.6,50.2642,50.5,90214.0,51.62922
2022-03-17,53.08,54.5,53.06,54.04,60642.0,50.810757
2022-03-18,54.43,54.7895,53.9525,54.61,33700.0,52.9427
2022-03-21,56.22,57.5985,56.22,57.58,58605.0,54.578804
2022-03-22,57.18,57.55,56.4701,56.98,22416.0,57.013187
2022-03-23,58.04,59.13,58.04,58.79,52755.0,57.22964
2022-03-24,58.34,58.5,56.91,57.26,33950.0,58.09183
2022-03-25,56.74,58.52,56.515,57.8,26565.0,57.111176
2022-03-28,55.78,56.16,53.68,53.95,52281.0,56.95805
2022-03-29,52.67,55.54,52.67,55.49,115526.0,54.329582
2022-03-30,56.63,56.9299,56.285,56.56,33386.0,54.47169
2022-03-31,55.31,56.4272,54.22,54.9,49006.0,55.78231
2022-04-01,53.0,54.002,53.0,53.78,25842.0,55.259148
2022-04-04,54.97,55.66,54.85,55.48,27436.0,54.12413
2022-04-05,55.58,56.03,54.08,54.41,26233.0,54.87615
2022-04-06,55.4,55.665,52.915,53.4829,36311.0,54.661976
2022-04-07,53.71,53.81,52.545,53.79,20687.0,53.832928
2022-04-08,53.47,54.536,53.2886,54.39,18789.0,53.68906
2022-04-11,52.96,53.5,52.51,53.41,23968.0,54.139156
2022-04-12,54.67,55.55,54.67,55.47,85003.0,53.709663
2022-04-13,56.07,57.01,55.32,56.78,30606.0,54.807903
2022-04-14,56.465,57.7344,56.13,57.3,29276.0,56.258327
2022-04-18,58.02,58.5,57.7,57.89,36276.0,57.03199
2022-04-19,56.16,56.16,55.06,55.32,43474.0,57.476486
2022-04-20,55.85,56.0,54.7749,55.63,17877.0,55.604824
2022-04-21,56.28,56.9,55.67,56.2016,73074.0,55.016403
2022-04-22,55.52,55.67,54.81,54.8389,15589.0,55.49215
2022-04-25,52.63,53.9783,52.19,53.73,32878.0,54.91505
2022-04-26,54.22,55.18,53.67,54.89,53859.0,53.91024
2022-04-27,53.92,54.93,53.89,54.65,19501.0,54.38374
2022-04-28,55.22,55.5679,54.4301,55.51,37307.0,54.622845
2022-04-29,56.39,56.5,54.73,54.92,105911.0,55.262367
2022-05-02,53.48,54.68,52.65,54.68,24906.0,55.074276
2022-05-03,53.85,54.25,53.37,53.75,24885.0,54.700203
2022-05-04,55.32,56.21,54.95,55.98,134487.0,53.90688
2022-05-05,57.08,57.2,55.3798,55.97,51471.0,55.118904
2022-05-06,56.87,57.2,56.09,57.12,35732.0,55.777176
2022-05-09,55.87,55.87,53.54,53.72,145822.0,56.669044
2022-05-10,53.5,54.43,52.33,52.49,91809.0,54.508366
2022-05-11,54.56,55.215,53.94,54.74,19639.0,52.67307
2022-05-12,54.74,55.49,54.501,55.26,25368.0,53.670036
2022-05-13,56.0,56.6,55.69,56.5,30680.0,54.851173
2022-05-16,56.36,57.719,56.25,57.59,35265.0,56.13523
2022-05-17,57.6,57.7699,56.12,56.12,31355.0,57.245003
2022-05-18,56.79,56.79,54.58,55.06,23957.0,56.355103
2022-05-19,54.41,56.265,54.41,55.69,37981.0,55.029694
2022-05-20,56.05,56.49,55.746,56.39,27154.0,55.045204
2022-05-23,56.35,56.84,56.0885,56.81,31298.0,55.785892
2022-05-24,56.44,57.38,56.44,56.96,17753.0,56.449574
2022-05-25,57.15,57.3,56.678,57.29,35374.0,56.725334
2022-05-26,57.65,58.7936,57.51,58.63,56938.0,56.955242
2022-05-27,58.42,59.14,58.23,59.14,31299.0,57.961582
2022-05-31,60.8,60.8,58.5,59.05,81790.0,58.677307
2022-06-01,58.31,58.4541,57.56,57.65,54780.0,58.688713
2022-06-02,58.32,58.7883,57.594,58.78,32764.0,57.502197
2022-06-03,59.1,60.1,58.65,60.07,57580.0,57.9292
2022-06-06,59.91,59.91,59.13,59.56,23716.0,59.28761
2022-06-07,59.98,60.74,59.5935,60.62,34851.0,59.352047
2022-06-08,61.02,62.0891,60.61,62.0,33370.0,59.998386
2022-06-09,61.94,61.94,61.27,61.3,31116.0,61.283173
2022-06-10,61.32,61.32,59.8135,60.78,48886.0,60.995975
2022-06-13,59.73,61.45,59.2642,60.89,72729.0,60.272743
2022-06-14,61.34,61.8834,59.07,59.625,41209.0,60.18583
2022-06-15,59.55,59.6077,58.33,58.84,36406.0,59.319584
2022-06-16,58.09,59.7899,57.745,59.27,59109.0,58.531494
2022-06-17,58.55,58.55,55.65,56.37,117644.0,58.80227
2022-06-21,57.07,57.62,56.635,56.94,28598.0,56.903175
2022-06-22,53.66,55.7165,53.0,54.75,62542.0,56.6666
2022-06-23,55.38,55.39,53.22,53.22,83759.0,55.3305
2022-06-24,54.51,55.24,53.7773,54.6,94572.0,53.841003
2022-06-27,54.92,55.97,54.1599,55.67,37963.0,54.351402
2022-06-28,56.68,57.3407,56.2525,57.06,41964.0,55.56034
2022-06-29,57.83,58.05,55.835,55.91,135348.0,56.97196
2022-06-30,55.14,55.3375,53.935,54.075,72011.0,56.447147
2022-07-01,53.37,53.889,53.0,53.36,33598.0,54.631737
2022-07-05,51.76,51.76,48.12,48.96,102848.0,53.413715
2022-07-06,47.92,48.4368,46.8208,48.126,112919.0,50.370705
2022-07-07,49.83,50.7444,49.03,49.89,41313.0,48.69523
2022-07-08,51.46,51.54,50.43,51.24,19049.0,49.34553
2022-07-11,50.43,51.67,50.2,51.26,29177.0,50.864643
2022-07-12,49.15,49.24,47.73,47.91,42752.0,51.618214
2022-07-13,47.65,48.8517,47.6,48.2,28653.0,49.686394
2022-07-14,47.0,48.16,46.25,47.92,59551.0,48.66108
2022-07-15,48.55,48.815,47.9718,48.2855,35753.0,48.194946
2022-07-18,50.95,50.95,50.2,50.31,26076.0,48.296104
2022-07-19,50.15,51.2199,49.91,51.17,41927.0,49.589043
2022-07-20,50.54,51.16,50.2333,50.84,45396.0,50.80636
2022-07-21,49.88,50.02,49.2043,49.49,32292.0,51.00205
2022-07-22,49.59,50.17,48.99,49.11,32620.0,50.030014
2022-07-25,50.4,50.4,49.36,50.2,105384.0,49.221935
2022-07-26,51.4,51.4,49.45,49.5,25333.0,49.57712
2022-07-27,50.5,51.524,49.85,51.4,106023.0,49.525467
2022-07-28,51.95,51.95,50.53,50.96,56764.0,50.58847
2022-07-29,51.5,52.94,51.445,51.48,62234.0,50.913433
2022-08-01,49.16,49.16,48.1651,48.93,83545.0,51.216854
2022-08-02,49.83,50.305,49.14,49.46,102361.0,49.774456
2022-08-03,49.83,49.83,47.8872,48.06,71431.0,49.28525
2022-08-04,47.63,47.8692,46.42,46.58,68681.0,48.466877
2022-08-05,45.72,47.56,45.72,46.62,34546.0,47.31772
2022-08-08,46.35,48.01,46.35,47.91,33468.0,46.84412
2022-08-09,48.02,48.8455,47.465,47.9231,32602.0,47.480785
2022-08-10,47.89,48.87,46.86,48.549,18947.0,47.979866
2022-08-11,49.54,50.0999,48.96,49.77,50383.0,48.507927
2022-08-12,49.13,49.21,48.55,48.98,39427.0,49.39067
2022-08-15,46.73,47.91,46.5701,47.67,36300.0,49.29729
2022-08-16,47.55,48.2,46.13,46.66,98630.0,48.310364
2022-08-17,46.8,47.68,46.51,47.12,53582.0,47.186844
2022-08-18,48.09,48.7883,47.82,48.39,61921.0,46.94792
2022-08-19,48.38,49.05,48.2,48.3383,28905.0,47.713837
2022-08-22,47.4,48.78,46.7604,48.78,58537.0,48.224567
2022-08-23,49.4,50.389,49.4,50.14,95940.0,48.64031
2022-08-24,50.15,50.83,49.735,50.83,48785.0,49.557888
2022-08-25,51.02,51.02,49.58,49.83,51104.0,50.393032
2022-08-26,49.31,49.55,48.828,49.43,62623.0,50.06747
2022-08-29,50.0,51.3,50.0,51.17,87971.0,49.49193
2022-08-30,50.24,50.24,48.4635,49.18,91044.0,50.25133
2022-08-31,48.09,48.86,47.61,47.7,48389.0,49.59581
2022-09-01,46.55,46.57,45.38,45.51,158976.0,48.30233
2022-09-02,46.74,46.78,45.65,45.86,63025.0,46.534832
2022-09-06,46.92,46.92,45.54,45.83,36653.0,45.94685
2022-09-07,44.54,44.69,43.5198,43.53,77099.0,45.923153
2022-09-08,43.62,44.2565,43.5,43.77,35197.0,44.886406
2022-09-09,44.95,45.785,44.85,45.61,69452.0,44.363514
2022-09-12,46.58,46.73,46.13,46.29,45222.0,45.115955
2022-09-13,46.07,46.44,44.93,46.13,54531.0,46.062614
2022-09-14,46.3,47.02,46.18,46.4,20405.0,46.41883
2022-09-15,45.3,45.361,44.4293,44.68,48210.0,46.555923
2022-09-16,44.49,45.0507,44.34,44.59,68038.0,45.635414
2022-09-19,43.33,44.75,43.15,44.56,51550.0,44.9603
2022-09-20,44.6,44.6,43.61,44.04,30856.0,44.65972
2022-09-21,45.29,45.29,43.45,43.7104,22622.0,44.346386
2022-09-22,44.71,44.9905,43.75,43.9,32145.0,44.05132
2022-09-23,42.28,42.28,41.43,41.81,167239.0,44.01974
2022-09-26,41.7,42.2,40.39,40.4012,118223.0,43.06757
2022-09-27,41.21,41.61,40.84,41.0,41908.0,41.798927
2022-09-28,41.68,42.6304,41.3992,42.61,47795.0,41.360764
2022-09-29,42.65,42.83,42.01,42.38,27409.0,42.022892
2022-09-30,41.98,42.13,41.18,41.335,37276.0,42.505135
2022-10-03,43.3,43.4,42.53,42.83,172645.0,42.227722
2022-10-04,44.04,44.54,43.74,44.21,58203.0,42.58395
2022-10-05,44.87,45.48,44.25,45.48,70883.0,43.5206
2022-10-06,45.38,46.23,45.235,46.23,251428.0,44.718872
2022-10-07,46.6,47.75,46.33,47.29,180222.0,45.70343
2022-10-10,47.25,47.81,46.31,46.33,111174.0,46.635586
2022-10-11,45.75,45.905,44.9,45.03,264998.0,46.49918
2022-10-12,44.93,45.142,44.26,44.57,40519.0,45.554535
2022-10-13,44.32,45.75,44.32,45.54,132723.0,44.763885
2022-10-14,45.07,45.1799,44.11,44.22,133197.0,44.947266
2022-10-17,44.92,45.0699,44.0465,44.2786,42573.0,44.604927
2022-10-18,43.59,44.115,43.11,43.61,28510.0,44.41757
2022-10-19,43.71,44.66,43.65,44.33,16928.0,44.05355
2022-10-20,45.06,45.3032,44.2887,44.46,33317.0,44.215675
2022-10-21,43.98,44.7199,43.98,44.545,17990.0,44.473022
2022-10-24,44.15,44.828,44.15,44.5,18507.0,44.655495
2022-10-25,44.84,45.09,44.51,44.65,27798.0,44.69428
2022-10-26,45.17,46.08,45.1564,45.96,71363.0,44.742638
2022-10-27,46.5,46.588,46.1509,46.46,34608.0,45.410038
2022-10-28,45.66,46.0,45.46,45.9,27375.0,46.084667
2022-10-31,45.1,45.78,44.7,45.31,37026.0,46.088654
2022-11-01,46.6,46.6,45.93,46.02,71785.0,45.649284
2022-11-02,46.49,47.0304,45.98,46.67,51446.0,45.726276
2022-11-03,46.21,46.7186,46.05,46.3016,29333.0,46.196865
2022-11-04,48.085,48.4,47.57,48.19,52715.0,46.30539
2022-11-07,48.0,48.74,48.0,48.23,24012.0,47.30207
2022-11-08,48.18,48.19,46.7675,46.98,46270.0,47.9262
2022-11-09,46.2,46.28,45.26,45.3,58147.0,47.42785
2022-11-10,45.36,45.9684,45.18,45.66,24395.0,46.130203
2022-11-11,47.33,47.33,46.515,46.895,199151.0,45.627556
2022-11-14,46.86,47.05,45.592,45.6282,23709.0,46.211365
2022-11-15,46.02,47.29,45.4594,46.47,37499.0,46.04831
2022-11-16,45.98,45.98,45.35,45.69,20570.0,46.296688
2022-11-17,45.51,45.51,44.2,44.6655,38034.0,46.0743
2022-11-18,43.52,44.05,43.02,44.0262,99170.0,45.36648
2022-11-21,42.94,44.2511,41.99,44.19,77669.0,44.6392
2022-11-22,44.89,44.9999,44.45,44.5625,30874.0,44.378315
2022-11-23,43.81,43.81,42.99,43.329,56382.0,44.532604
2022-11-25,44.0,44.0,42.97,42.97,15408.0,44.09056
2022-11-28,41.99,43.19,41.571,42.9243,29286.0,43.588387
2022-11-29,43.51,44.2,43.1665,43.87,35106.0,43.30231
2022-11-30,45.37,45.37,44.6101,45.0344,47178.0,43.64903
2022-12-01,45.8,46.01,45.02,45.02,116961.0,44.514107
2022-12-02,45.16,45.65,44.5,44.94,35097.0,45.016655
2022-12-05,45.96,45.96,43.36,43.6699,30503.0,45.114037
2022-12-06,43.36,43.36,41.79,42.16,37375.0,44.428764
2022-12-07,42.13,42.5,40.95,41.13,127148.0,43.22458
2022-12-08,41.55,41.55,40.3518,40.62,38760.0,42.079357
2022-12-09,40.74,41.1096,40.04,40.64,49042.0,41.305344
2022-12-12,40.66,41.6699,40.66,41.6,72881.0,41.00912
2022-12-13,42.21,42.74,42.02,42.47,75739.0,41.391335
2022-12-14,43.36,43.36,42.61,43.31,23016.0,42.141666
2022-12-15,42.88,42.9694,42.17,42.51,38042.0,42.999817
2022-12-16,41.8,42.1128,41.25,41.73,25298.0,43.062054
2022-12-19,42.58,42.58,41.6601,42.41,24604.0,42.54134
2022-12-20,42.58,42.75,41.59,42.4588,31925.0,42.442013
2022-12-21,43.6,43.66,43.08,43.59,33319.0,42.483337
2022-12-22,44.03,44.03,42.7891,43.25,54353.0,43.05769
2022-12-23,43.99,44.43,43.99,44.29,52076.0,43.297794
2022-12-27,44.33,44.95,44.315,44.42,22802.0,43.84572
2022-12-28,44.28,44.28,43.3301,43.94,17316.0,44.23749
2022-12-29,43.17,43.85,43.17,43.77,15850.0,44.15847
2022-12-30,43.83,44.869,43.83,44.82,28651.0,43.944973
2023-01-03,44.03,44.5452,43.07,43.41,33980.0,44.329166
2023-01-04,42.01,42.1618,41.25,41.371,42752.0,43.95103
2023-01-05,41.35,42.03,41.28,41.59,22886.0,42.682846
2023-01-06,42.33,42.51,41.456,41.63,18458.0,42.00157
2023-01-09,42.67,43.12,42.1,42.32,34014.0,41.806007
2023-01-10,42.22,42.82,42.07,42.3,27500.0,42.1411
2023-01-11,43.02,43.8,42.69,43.699,36316.0,42.430027
2023-01-12,44.5,44.5,43.95,43.95,17489.0,43.21887
2023-01-13,44.36,44.93,44.21,44.93,19891.0,43.82568
2023-01-17,45.32,45.5199,44.55,45.28,31120.0,44.543358
2023-01-18,45.71,45.99,44.4,44.49,46863.0,45.053143
2023-01-19,45.01,45.48,44.74,45.21,18587.0,44.830288
2023-01-20,45.73,45.81,44.9066,45.75,9506.0,44.92872
2023-01-23,46.02,46.2,45.51,45.81,43969.0,45.303123
2023-01-24,46.07,46.07,44.9213,45.05,38468.0,45.56558
2023-01-25,45.32,45.37,44.64,45.14,13788.0,45.292408
2023-01-26,46.06,46.06,45.16,45.359,14186.0,45.13072
2023-01-27,46.0,46.0,44.405,44.45,48433.0,45.200775
2023-01-30,44.015,44.63,43.541,43.59,22962.0,44.84053
2023-01-31,43.44,44.37,43.34,44.35,19024.0,44.189137
2023-02-01,44.12,44.35,42.8449,43.18,110027.0,44.211582
2023-02-02,42.91,43.21,42.29,42.63,31480.0,43.796017
2023-02-03,42.8642,43.76,41.25,41.25,58623.0,43.26636
2023-02-06,41.69,42.04,40.9,42.02,30772.0,42.35214
2023-02-07,42.13,43.44,42.13,43.33,40583.0,42.168957
2023-02-08,43.97,44.05,43.42,44.0,21190.0,42.83122
2023-02-09,43.88,43.88,43.08,43.48,24005.0,43.66547
2023-02-10,44.12,44.72,44.12,44.72,50270.0,43.85135
2023-02-13,44.78,45.04,44.21,44.54,26715.0,44.38412
2023-02-14,43.52,44.58,43.5,44.42,90054.0,44.59308
2023-02-15,44.12,44.42,43.48,44.1987,23268.0,44.546375
2023-02-16,44.45,44.45,43.82,43.82,13869.0,44.349865
2023-02-17,43.04,43.04,42.4,42.9799,15246.0,44.04219
2023-02-21,43.04,43.3399,42.6863,42.72,43769.0,43.480743
2023-02-22,42.42,42.49,41.61,41.69,42290.0,43.04961
2023-02-23,42.42,42.605,42.1001,42.5,17277.0,42.408264
2023-02-24,42.0,42.97,41.762,42.96,36521.0,42.432438
2023-02-27,42.72,42.75,42.1,42.42,22944.0,42.811775
2023-02-28,43.25,43.4643,42.99,43.0646,24775.0,42.83305
2023-03-01,43.0,43.5489,42.8572,43.52,15647.0,43.063297
2023-03-02,43.57,43.9443,43.4311,43.61,19198.0,43.422245
2023-03-03,43.02,44.67,42.69,44.67,38629.0,43.65774
2023-03-06,44.68,45.0,44.21,45.0,15145.0,44.24099
2023-03-07,44.41,44.68,43.24,43.39,107272.0,44.74227
2023-03-08,42.96,43.31,42.9,42.9,18259.0,44.159145
2023-03-09,43.27,43.58,42.351,42.4,114184.0,43.437202
2023-03-10,42.15,43.15,42.15,42.9,40426.0,42.82827
2023-03-13,41.86,42.71,41.14,41.82,46280.0,42.797806
2023-03-14,41.09,41.692,40.209,40.59,38062.0,42.422943
2023-03-15,39.0,39.3602,37.5744,38.71,116889.0,41.636826
2023-03-16,37.94,39.42,37.655,38.78,87196.0,40.354984
2023-03-17,38.87,38.87,37.65,38.11,36391.0,39.60879
2023-03-20,38.17,38.7899,37.81,38.73,30556.0,39.050705
2023-03-21,39.27,39.54,38.94,39.53,31522.0,39.031338
2023-03-22,39.58,40.19,39.28,39.62,38174.0,39.468594
2023-03-23,40.56,40.56,39.31,39.3678,30163.0,39.850014
2023-03-24,39.06,39.4699,38.74,39.41,37494.0,39.92009
2023-03-27,40.28,41.35,39.93,41.34,29875.0,39.878582
2023-03-28,41.11,41.79,40.95,41.53,19911.0,40.623497
2023-03-29,41.78,41.9599,41.17,41.21,44191.0,41.27782
2023-03-30,41.49,41.93,41.49,41.84,17870.0,41.448654
2023-03-31,42.17,42.5992,41.87,42.47,22341.0,41.691982
2023-04-03,44.32,44.62,44.1,44.4,53074.0,42.109478
2023-04-04,44.92,44.96,44.17,44.38,22247.0,43.259182
2023-04-05,44.69,44.69,44.06,44.37,17453.0,43.99428
2023-04-06,44.0,44.52,43.99,44.29,25195.0,44.257984
2023-04-10,44.39,44.56,44.06,44.1198,14273.0,44.249
2023-04-11,44.19,44.9399,44.19,44.81,30406.0,44.110126
2023-04-12,45.04,45.7833,45.04,45.74,40201.0,44.368725
2023-04-13,45.79,45.8689,45.2993,45.3673,29412.0,45.056522
2023-04-14,45.2,45.665,45.2,45.56,20238.0,45.29817
2023-04-17,45.53,45.53,44.721,44.85,19816.0,45.436825
2023-04-18,44.7797,45.2,44.51,44.81,10216.0,45.124054
2023-04-19,44.18,44.3682,43.94,43.94,34676.0,44.88845
2023-04-20,43.45,43.45,42.911,42.92,23561.0,44.37886
2023-04-21,43.66,43.66,43.25,43.55,8290.0,43.616207
2023-04-24,43.11,44.22,43.11,44.11,8183.0,43.519463
2023-04-25,43.62,43.62,42.8668,42.96,14687.0,43.884445
2023-04-26,42.8,43.11,41.5981,41.66,16803.0,43.617302
2023-04-27,42.29,42.29,41.7302,41.89,12019.0,42.76074
2023-04-28,41.97,42.9699,41.95,42.935,9681.0,42.32117
2023-05-01,41.83,42.99,41.83,42.28,101042.0,42.656273
2023-05-02,41.98,41.98,40.21,40.25,46088.0,42.68501
2023-05-03,39.18,39.37,38.6,38.645,64606.0,41.717384
2023-05-04,39.09,39.3071,38.3201,38.82,69017.0,40.33493
2023-05-05,40.0,40.3167,39.8901,40.21,111175.0,39.578537
2023-05-08,41.11,41.1882,40.7682,40.98,60866.0,39.870605
2023-05-09,40.57,41.48,40.26,41.4,50490.0,40.606808
2023-05-10,41.33,41.33,40.7299,41.06,28380.0,41.29368
2023-05-11,40.68,40.68,40.0,40.33,18777.0,41.48343
2023-05-12,40.0,40.46,39.55,39.55,15333.0,41.127644
2023-05-15,40.13,40.42,39.84,40.18,24971.0,40.46716
2023-05-16,40.58,40.58,39.94,39.94,10933.0,40.30317
2023-05-17,40.8,41.4227,40.36,41.262,26361.0,40.22286
2023-05-18,41.25,41.26,40.639,40.8787,21395.0,40.763668
2023-05-19,41.27,41.29,40.38,40.7489,16377.0,41.029884
2023-05-22,40.63,40.9511,40.51,40.79,16813.0,41.05487
2023-05-23,41.36,41.49,41.11,41.38,13975.0,41.032417
2023-05-24,41.99,42.1015,41.4,41.81,34035.0,41.266167
2023-05-25,40.67,41.17,40.39,40.88,35906.0,41.634007
2023-05-26,41.29,41.4199,41.1316,41.37,22286.0,41.440536
2023-05-30,40.43,40.43,39.535,39.85,38892.0,41.433212
2023-05-31,39.71,39.71,38.8,38.8,136843.0,40.80735
2023-06-01,38.75,40.3,38.75,39.88,69604.0,39.915726
2023-06-02,40.7,40.9318,40.45,40.8338,28716.0,39.829723
2023-06-05,41.52,41.535,40.69,40.71,296700.0,40.378597
2023-06-06,40.17,40.75,40.17,40.5752,14787.0,40.780735
2023-06-07,40.69,41.39,40.69,41.19,23199.0,40.90778
2023-06-08,41.3,41.3,39.512,40.43,26188.0,41.1676
2023-06-09,40.52,40.8565,40.01,40.09,17676.0,40.995506
2023-06-12,39.05,39.05,38.35,38.55,62479.0,40.65749
2023-06-13,39.68,39.97,39.49,39.72,41368.0,39.79426
2023-06-14,40.19,40.3799,39.19,39.549,21095.0,39.691036
2023-06-15,39.82,40.6128,39.725,40.4975,33385.0,39.738827
2023-06-16,40.22,41.155,40.22,41.0,35705.0,40.207447
2023-06-20,41.06,41.06,40.12,40.73,20019.0,40.777016
2023-06-21,40.98,41.51,40.87,41.4449,15454.0,40.99147
2023-06-22,40.79,40.79,39.79,39.9487,15234.0,41.330547
2023-06-23,39.33,39.9398,39.1596,39.9398,26279.0,40.87228
2023-06-26,39.43,40.37,39.43,40.01,13801.0,40.448605
2023-06-27,39.59,40.02,39.21,39.333,27242.0,40.256493
2023-06-28,39.64,40.2711,39.11,40.0708,38092.0,39.927082
2023-06-29,40.24,40.66,39.96,40.3423,11364.0,40.030277
2023-06-30,40.55,40.87,40.55,40.66,12325.0,40.309155
2023-07-03,40.56,40.8156,40.29,40.3937,18983.0,40.641327
2023-07-05,41.23,41.291,40.78,41.1292,67277.0,40.72242
2023-07-06,40.92,41.079,40.27,40.95,28518.0,41.017117
2023-07-07,40.98,41.85,40.98,41.74,33943.0,41.13913
2023-07-10,41.55,42.0,41.42,41.66,18231.0,41.50419
2023-07-11,41.945,42.56,41.9299,42.53,25798.0,41.708237
2023-07-12,42.76,43.07,42.75,43.0189,34158.0,42.16874
2023-07-13,43.0,43.7803,43.0,43.7803,49294.0,42.680534
2023-07-14,43.51,43.5799,42.7902,42.8264,14300.0,43.31161
2023-07-17,42.33,42.8,42.305,42.3062,15136.0,43.196648
2023-07-18,42.27,43.215,42.27,43.21,36101.0,42.74809
2023-07-19,43.665,43.73,42.97,43.0348,25324.0,42.881634
2023-07-20,43.25,43.481,42.6956,43.2212,9957.0,42.99619
2023-07-21,43.83,43.97,43.39,43.7818,9666.0,43.154644
2023-07-24,44.02,44.93,44.0,44.79,26566.0,43.519268
2023-07-25,44.52,45.25,44.52,45.04,28452.0,44.2379
2023-07-26,44.58,45.15,44.58,44.77,30378.0,44.782448
2023-07-27,45.03,45.6,44.8894,45.2,25154.0,44.867867
2023-07-28,45.04,45.72,44.95,45.72,8384.0,45.023853
2023-07-31,45.89,46.396,45.89,46.39,15530.0,45.369545
2023-08-01,46.31,46.31,45.74,46.15,64785.0,45.911114
2023-08-02,45.9,45.91,44.85,45.27,41331.0,46.07343
2023-08-03,45.5,46.3,45.4542,46.2,15520.0,45.62376
2023-08-04,46.35,46.93,46.17,46.58,21232.0,45.796364
2023-08-07,46.71,46.71,46.13,46.63,119021.0,46.201878
2023-08-08,45.68,46.91,45.646,46.785,23304.0,46.4694
2023-08-09,47.09,47.53,46.9101,47.37,41439.0,46.65555
2023-08-10,47.23,47.39,46.73,46.88,75416.0,47.03805
2023-08-11,46.73,47.19,46.73,46.92,15791.0,46.976665
2023-08-14,46.442,46.75,46.3796,46.55,146081.0,46.89275
2023-08-15,46.1953,46.1968,45.65,45.89,64449.0,46.658432
2023-08-16,46.04,46.1705,45.14,45.22,36224.0,46.194466
2023-08-17,45.71,45.9858,45.49,45.5217,15091.0,45.61806
2023-08-18,45.73,46.128,45.4808,45.99,11275.0,45.50969
2023-08-21,46.32,46.388,45.795,45.84,10409.0,45.802574
2023-08-22,45.76,45.914,45.5797,45.69,35737.0,45.94663
2023-08-23,44.8299,45.525,44.572,45.13,29307.0,45.9092
2023-08-24,44.7,45.318,44.58,45.1701,18713.0,45.560062
2023-08-25,45.805,45.91,44.9,45.83,13593.0,45.355553
2023-08-28,46.0,46.2,45.56,45.83,53304.0,45.61876
2023-08-29,46.07,46.36,45.62,46.3,18936.0,45.825066
2023-08-30,46.41,46.74,46.2,46.54,18498.0,46.145744
2023-08-31,47.07,47.45,46.7206,47.33,34928.0,46.42735
2023-09-01,47.86,48.3299,47.8,48.27,41263.0,46.951626
2023-09-05,49.01,49.45,48.74,48.8632,41169.0,47.72392
2023-09-06,48.76,49.41,48.75,49.23,31534.0,48.415607
2023-09-07,49.13,49.3005,48.775,49.04,22741.0,48.877872
2023-09-08,49.25,49.3,49.08,49.2,10406.0,48.8961
2023-09-11,49.65,49.6648,49.22,49.29,9716.0,48.90956
2023-09-12,49.71,50.08,49.71,49.96,69024.0,48.971935
2023-09-13,50.37,50.37,49.6155,49.93,27740.0,49.412056
2023-09-14,50.5,50.67,50.39,50.6202,30519.0,49.65485
2023-09-15,50.34,50.65,50.03,50.63,185852.0,50.14172
2023-09-18,50.84,50.85,50.34,50.55,132090.0,50.38203
2023-09-19,51.0,51.0,50.45,50.59,23014.0,50.39008
2023-09-20,50.05,50.5569,49.88,49.93,24231.0,50.383877
2023-09-21,50.29,50.59,50.0462,50.1,13862.0,49.996635
2023-09-22,50.56,50.56,49.71,49.83,35890.0,49.909054
2023-09-25,49.72,49.83,49.5036,49.77,25426.0,49.785137
2023-09-26,49.57,50.12,49.53,49.97,31440.0,49.719067
2023-09-27,50.9,51.0,50.55,50.78,26867.0,49.836365
2023-09-28,50.56,50.64,50.08,50.2189,11443.0,50.4026
2023-09-29,50.24,50.285,49.68,49.76,79331.0,50.352615
2023-10-02,48.96,49.1299,48.21,48.35,55340.0,49.95179
2023-10-03,48.29,48.6508,48.22,48.4502,71226.0,48.916386
2023-10-04,47.49,47.49,45.84,45.98,94332.0,48.48033
2023-10-05,45.18,45.67,45.05,45.33,41974.0,47.060547
2023-10-06,45.4,45.55,45.0,45.2216,45200.0,46.00368
2023-10-09,46.64,46.9725,46.43,46.91,62849.0,45.568127
2023-10-10,46.89,47.0,46.56,46.82,95925.0,46.380775
2023-10-11,46.52,46.774,45.9401,46.6881,41814.0,46.944813
2023-10-12,47.09,47.09,46.1558,46.56,191302.0,47.056202
2023-10-13,47.71,48.46,47.4651,48.37,53483.0,46.911575
2023-10-16,48.21,48.21,47.94,48.14,50904.0,47.73723
2023-10-17,48.03,48.3207,47.71,48.3207,13448.0,48.104534
2023-10-18,48.91,49.1424,48.79,48.92,49621.0,48.24378
2023-10-19,48.8,49.6995,48.52,49.65,153468.0,48.568043
2023-10-20,49.73,49.77,48.89,49.12,55399.0,49.130615
2023-10-23,49.0,49.08,48.1062,48.37,51925.0,49.084797
2023-10-24,48.11,48.11,47.17,47.61,95390.0,48.534504
2023-10-25,47.53,48.5999,47.0,48.43,53869.0,47.82354
2023-10-26,47.63,47.92,47.4101,47.68,88602.0,47.987484
2023-10-27,47.95,48.62,47.44,48.34,148223.0,47.82391
2023-10-30,48.0,48.0,46.8,47.18,55286.0,48.093212
2023-10-31,47.41,47.7,46.53,46.7899,72119.0,47.65208
2023-11-01,47.17,47.17,45.9403,46.09,307307.0,47.145004
2023-11-02,46.4,47.1,46.2309,46.9,89306.0,46.54891
2023-11-03,46.56,47.02,45.94,46.24,55245.0,46.70766
2023-11-06,46.74,47.0,46.475,46.52,53669.0,46.57029
2023-11-07,45.52,45.52,44.6,44.76,452084.0,46.607445
2023-11-08,44.29,44.6599,43.61,43.85,248254.0,45.728622
2023-11-09,43.96,44.645,43.91,43.96,82369.0,44.71407
2023-11-10,44.39,44.99,44.39,44.79,46847.0,44.27131
2023-11-13,44.84,45.48,44.84,45.48,58826.0,44.581528
2023-11-14,45.65,46.04,45.22,45.31,29182.0,45.229893
2023-11-15,44.82,45.21,44.68,44.74,47804.0,45.503933
2023-11-16,43.9,43.9,42.71,42.9,71471.0,45.249283
2023-11-17,43.43,44.51,43.43,44.44,178983.0,44.10005
2023-11-20,45.42,45.74,45.23,45.32,68668.0,44.123936
2023-11-21,45.34,45.52,45.0671,45.46,26635.0,44.79295
2023-11-22,43.77,45.03,43.384,44.97,50859.0,45.31845
2023-11-24,44.7,45.1,44.58,44.59,8579.0,45.277287
2023-11-27,44.16,44.72,44.0081,44.16,89044.0,44.9467
2023-11-28,44.61,45.1299,44.35,44.75,76930.0,44.51224
2023-11-29,45.01,45.6445,44.5,45.4,45291.0,44.582115
2023-11-30,45.8,46.2736,44.04,44.04,48469.0,45.04513
2023-12-01,44.16,44.69,43.36,43.45,72673.0,44.66659
2023-12-04,43.14,43.88,42.87,43.36,150442.0,44.046043
2023-12-05,43.33,43.69,42.63,42.72,27846.0,43.659256
2023-12-06,41.76,41.94,41.125,41.27,71536.0,43.22053
2023-12-07,41.53,41.7399,40.97,41.4,59639.0,42.33981
2023-12-08,42.04,42.2698,41.81,42.12,279518.0,41.883923
2023-12-11,42.3,42.53,41.9691,42.46,51359.0,42.05853
2023-12-12,41.5,41.5,40.8,40.99,165996.0,42.440212
2023-12-13,41.1,41.74,41.05,41.74,261450.0,42.009243
2023-12-14,42.61,43.07,42.6014,42.82,197577.0,41.943913
2023-12-15,42.9,42.9,42.1669,42.69,64339.0,42.458843
2023-12-18,43.63,44.185,43.05,43.27,189170.0,42.776417
2023-12-19,43.3,44.08,43.3,44.05,64404.0,43.149456
2023-12-20,44.51,44.51,43.57,43.62,61666.0,43.69755
2023-12-21,43.17,43.6836,43.17,43.5801,42158.0,43.784462
2023-12-22,43.99,43.99,43.23,43.33,160577.0,43.703247
2023-12-26,44.36,44.66,44.13,44.13,42255.0,43.50353
2023-12-27,43.98,44.2427,43.51,43.57,25145.0,43.768875
2023-12-28,43.25,43.52,42.41,42.51,62433.0,43.735085
2023-12-29,42.82,42.82,42.1,42.1,45992.0,43.169846
2024-01-02,42.74,42.74,41.605,41.65,89124.0,42.609016
2024-01-03,42.34,43.1297,42.1901,43.05,41602.0,42.13579
2024-01-04,42.96,43.02,42.0,42.54,36875.0,42.57003
2024-01-05,43.25,43.4,43.105,43.25,34680.0,42.75673
2024-01-08,41.68,41.9101,41.3545,41.88,55815.0,43.133434
2024-01-09,42.44,42.6699,42.09,42.34,37157.0,42.717583
2024-01-10,42.95,43.0,41.8846,41.98,154538.0,42.549976
2024-01-11,42.89,43.25,42.31,42.63,23387.0,42.338787
2024-01-12,43.66,43.8,42.75,42.84,58708.0,42.518906
2024-01-16,42.96,42.9812,42.33,42.38,51342.0,42.787994
2024-01-17,41.93,42.71,41.83,42.71,29777.0,42.728767
2024-01-18,42.81,43.41,42.68,43.18,373005.0,42.77638
2024-01-19,43.43,43.54,42.73,43.05,49846.0,43.036644
2024-01-22,43.1,44.0,43.04,43.66,105784.0,43.149372
2024-01-23,43.49,43.93,43.325,43.58,277157.0,43.461376
2024-01-24,43.79,44.289,43.7,44.14,135205.0,43.615738
2024-01-25,44.6,45.1,44.3868,44.96,43295.0,43.92157
2024-01-26,44.9,45.5693,44.38,45.53,68187.0,44.500656
2024-01-29,45.19,45.19,44.74,44.99,159466.0,45.11276
2024-01-30,44.95,45.51,44.8,45.33,135980.0,45.1335
2024-01-31,45.08,45.08,44.14,44.28,68070.0,45.1944
2024-02-01,44.37,44.59,43.05,43.1,44713.0,44.705208
2024-02-02,42.5,42.5,42.06,42.25,77288.0,43.81241
2024-02-05,42.4,42.83,41.92,42.68,24018.0,42.93141
2024-02-06,42.92,43.1501,42.7321,42.94,33776.0,42.724815
2024-02-07,43.04,43.38,43.02,43.38,24859.0,42.90152
2024-02-08,43.83,44.4049,43.83,44.4,22608.0,43.29479
2024-02-09,44.68,44.79,44.3242,44.53,118753.0,44.02989
2024-02-12,44.48,44.82,44.48,44.74,23052.0,44.511543
2024-02-13,44.96,45.2,44.69,44.86,39812.0,44.774273
2024-02-14,45.1584,45.31,44.22,44.35,196456.0,44.887245
2024-02-15,44.41,45.22,44.41,44.9,71888.0,44.635754
2024-02-16,44.85,45.28,44.77,45.16,79146.0,44.708885
2024-02-20,45.17,45.23,44.51,44.66,129193.0,44.935978
2024-02-21,44.53,44.96,44.53,44.96,31151.0,44.82742
2024-02-22,44.72,45.33,44.72,45.08,31242.0,44.87281
2024-02-23,44.35,44.63,44.16,44.28,32931.0,44.992477
2024-02-26,44.22,45.01,44.22,44.88,39866.0,44.674767
2024-02-27,45.07,45.4,44.99,45.225,52802.0,44.74828
2024-02-28,45.46,45.65,44.99,45.09,81826.0,45.036495
2024-02-29,45.095,45.2694,44.8073,44.89,15889.0,45.151188
2024-03-01,45.5,46.09,45.5,45.62,34011.0,45.069847
2024-03-04,45.89,45.92,45.225,45.36,33009.0,45.36068
2024-03-05,45.14,45.35,44.8996,44.97,129886.0,45.43048
2024-03-06,45.39,45.8504,45.2618,45.37,11024.0,45.222576
2024-03-07,45.0,45.585,44.99,45.35,11140.0,45.276752
2024-03-08,45.24,45.26,44.82,45.04,60931.0,45.34024
2024-03-11,44.9,45.39,44.648,45.39,31551.0,45.218533
2024-03-12,45.29,45.5312,45.1,45.26,19781.0,45.309338
2024-03-13,45.91,46.19,45.82,46.15,31322.0,45.32644
2024-03-14,46.38,46.799,46.3518,46.66,50058.0,45.778046
2024-03-15,46.58,46.8412,46.5431,46.78,28771.0,46.33445
2024-03-18,47.18,47.545,46.99,47.46,105466.0,46.660427
2024-03-19,47.55,47.8,47.55,47.7,14413.0,47.112926
2024-03-20,47.06,47.2337,46.9198,47.2,14070.0,47.44983
2024-03-21,47.09,47.09,46.8,47.02,18751.0,47.29229
2024-03-22,47.1,47.15,46.66,46.82,14929.0,47.036694
2024-03-25,47.09,47.56,47.09,47.46,93352.0,46.8105
2024-03-26,47.44,47.51,47.185,47.19,13711.0,47.079937
2024-03-27,47.03,47.37,47.03,47.37,9911.0,47.158176
2024-03-28,47.64,47.9116,47.5905,47.74,29166.0,47.271637
2024-04-01,47.96,48.241,47.71,48.09,39454.0,47.535545
2024-04-02,48.43,48.66,48.1892,48.57,74596.0,47.869095
2024-04-03,48.81,49.09,48.81,48.93,51005.0,48.287895
2024-04-04,48.93,49.71,48.728,49.46,39212.0,48.670284
2024-04-05,49.58,49.895,49.42,49.51,32066.0,49.111156
2024-04-08,49.57,49.66,48.938,49.37,29645.0,49.314392
2024-04-09,49.47,49.49,48.86,48.9977,28959.0,49.262733
2024-04-10,49.16,49.51,48.78,49.51,31866.0,48.983456
2024-04-11,49.35,49.3999,48.98,49.35,19654.0,49.141205
2024-04-12,50.1,50.295,49.2997,49.47,46191.0,49.202057
2024-04-15,49.18,49.59,48.7006,49.59,50646.0,49.299503
2024-04-16,49.45,49.64,49.249,49.49,22109.0,49.42495
2024-04-17,49.15,50.39,48.08,48.23,40751.0,49.43019
2024-04-18,48.34,48.4705,47.92,48.04,36750.0,48.694702
2024-04-19,47.96,48.3,47.93,47.98,17642.0,48.18761
2024-04-22,47.42,47.92,47.257,47.85,28702.0,48.00061
2024-04-23,47.57,48.5,47.57,48.42,21835.0,47.926247
2024-04-24,48.39,48.5,48.141,48.44,21191.0,48.2463
2024-04-25,48.25,48.78,47.95,48.73,26661.0,48.459114
2024-04-26,49.06,49.06,48.7203,48.79,104178.0,48.681423
2024-04-29,48.83,48.89,48.36,48.36,14337.0,48.787872
2024-04-30,48.18,48.24,47.57,47.85,133527.0,48.548477
2024-05-01,47.11,47.46,46.1706,46.33,230286.0,48.0934
2024-05-02,46.45,46.62,46.17,46.36,100497.0,47.039886
2024-05-03,46.44,46.48,46.1251,46.23,24128.0,46.525127
2024-05-06,46.485,46.63,46.2,46.55,124324.0,46.342995
2024-05-07,46.41,46.73,46.24,46.51,108641.0,46.512524
2024-05-08,46.02,46.64,45.92,46.6,27660.0,46.64294
2024-05-09,46.56,46.87,46.48,46.87,27614.0,46.73684
2024-05-10,46.93,46.93,46.2072,46.22,20982.0,46.899654
2024-05-13,46.46,46.89,46.4,46.61,47880.0,46.618584
2024-05-14,46.16,46.385,45.99,46.21,13787.0,46.604313
2024-05-15,45.87,46.53,45.58,46.53,33622.0,46.421146
2024-05-16,46.83,46.9176,46.585,46.79,14233.0,46.472385
2024-05-17,46.865,47.29,46.801,47.19,20545.0,46.67034
2024-05-20,47.04,47.5,46.9813,47.22,23744.0,46.995567
2024-05-21,46.78,47.095,46.5701,46.85,16407.0,47.170876
2024-05-22,46.43,46.62,46.04,46.06,14376.0,47.01533
2024-05-23,46.66,46.743,45.641,45.84,40607.0,46.4635
2024-05-24,46.03,46.28,45.96,46.25,15114.0,46.040977
2024-05-28,47.05,47.62,47.05,47.578,22547.0,46.098312
2024-05-29,47.57,47.57,47.02,47.02,22604.0,46.930164
2024-05-30,46.97,47.11,46.5,46.5016,12058.0,47.148064
2024-05-31,46.64,46.7,45.97,46.3,21183.0,46.847137
2024-06-03,45.86,45.9,44.66,44.77,37621.0,46.506317
2024-06-04,44.17,44.27,43.861,44.09,287321.0,45.5518
2024-06-05,44.22,45.5,43.9,44.43,155319.0,44.68918
2024-06-06,44.61,45.255,44.6,45.2,99686.0,44.48741
2024-06-07,45.1927,45.54,45.03,45.1,29151.0,44.91817
2024-06-10,45.57,46.4091,45.4945,46.38,90253.0,45.20587
2024-06-11,46.39,46.73,46.21,46.45,13517.0,45.963158
2024-06-12,47.215,47.2417,46.59,46.72,15649.0,46.417213
2024-06-13,47.0,47.1,46.68,46.74,31779.0,46.6793
2024-06-14,47.21,47.23,46.61,46.65,26298.0,46.739265
2024-06-17,47.0185,47.47,46.9,47.45,20617.0,46.658134
2024-06-18,47.4,48.0,47.4,47.95,13844.0,47.01083
2024-06-20,48.25,48.31,48.06,48.12,129614.0,47.515663
2024-06-21,48.22,48.39,47.7671,47.88,23959.0,47.856384
2024-06-24,47.81,48.48,47.81,48.45,21536.0,47.83735
2024-06-25,48.37,48.5,48.0101,48.05,6879.0,48.086777
2024-06-26,48.15,48.5061,47.85,48.0466,27778.0,48.020824
2024-06-27,48.52,48.61,48.2189,48.52,61924.0,47.949226
2024-06-28,48.64,48.64,48.16,48.33,13715.0,48.19388
2024-07-01,48.45,49.1,48.2307,49.04,18692.0,48.258736
2024-07-02,49.25,49.25,48.86,48.98,11808.0,48.663773
2024-07-03,48.93,49.2,48.81,49.08,13433.0,48.85807
2024-07-05,49.39,49.64,48.97,49.13,22439.0,48.95777
2024-07-08,48.7,48.92,48.5818,48.67,183790.0,49.007668
2024-07-09,48.53,48.79,48.09,48.16,24356.0,48.757244
2024-07-10,48.02,48.4119,47.865,48.41,29986.0,48.324234
2024-07-11,48.1,48.51,48.07,48.51,20042.0,48.270267
2024-07-12,48.53,48.55,48.16,48.19,16362.0,48.38465
2024-07-15,48.25,48.25,47.9143,48.09,7521.0,48.29612
2024-07-16,47.33,47.73,47.28,47.5,34889.0,48.17517
2024-07-17,47.9,48.1942,47.9,48.05,16465.0,47.795647
2024-07-18,48.15,48.32,47.83,47.87,10864.0,47.900112
2024-07-19,47.64,47.91,46.75,46.79,10019.0,47.928402
2024-07-22,46.4,46.7399,46.3,46.71,11478.0,47.338043
2024-07-23,46.34,46.45,45.55,46.05,201383.0,46.9386
2024-07-24,46.24,46.5662,45.9668,46.27,13693.0,46.450146
2024-07-25,45.86,46.6,45.75,46.53,10954.0,46.34392
2024-07-26,46.2,46.2,45.4517,45.83,20281.0,46.507153
2024-07-29,46.18,46.18,45.1911,45.47,20206.0,46.262486
2024-07-30,45.13,45.26,44.92,45.18,43609.0,45.889523
2024-07-31,46.19,46.86,46.07,46.85,44819.0,45.539734
2024-08-01,46.89,46.95,45.82,46.16,245323.0,46.240364
2024-08-02,44.81,44.81,43.93,44.41,186794.0,46.38706
2024-08-05,43.61,44.54,43.58,44.47,195757.0,45.43971
2024-08-06,43.68,44.339,43.67,43.96,43564.0,44.837196
2024-08-07,44.64,45.235,44.56,45.06,35483.0,44.36014
2024-08-08,44.94,45.5211,44.9,45.48,19411.0,44.709435
2024-08-09,45.55,45.8686,45.38,45.79,13323.0,45.25738
2024-08-12,46.21,47.22,46.21,46.98,128670.0,45.70926
2024-08-13,46.81,46.81,46.291,46.42,14010.0,46.503464
2024-08-14,46.54,46.605,45.95,45.96,18310.0,46.60199
2024-08-15,46.5,46.7372,46.465,46.5,7273.0,46.25096
2024-08-16,45.85,45.98,45.645,45.8513,66309.0,46.280426
2024-08-19,45.85,45.8599,44.8,44.9515,34634.0,46.021824
2024-08-20,45.11,45.15,44.5,44.54,25606.0,45.405876
2024-08-21,44.75,45.0,43.66,43.96,40342.0,44.867134
2024-08-22,44.13,44.7,44.0,44.35,211381.0,44.366352
2024-08-23,45.05,45.46,45.03,45.4,11150.0,44.353302
2024-08-26,46.57,46.685,46.32,46.33,275629.0,44.977856
2024-08-27,46.18,46.28,45.5449,45.68,32920.0,45.88352
2024-08-28,45.16,45.52,44.9726,45.0689,8907.0,46.004765
2024-08-29,45.67,46.0,45.53,45.81,13238.0,45.575012
2024-08-30,44.99,44.99,44.481,44.62,135554.0,45.63174
2024-09-03,43.32,43.32,42.675,42.83,71327.0,45.12861
2024-09-04,42.58,42.92,42.04,42.08,48264.0,43.925995
2024-09-05,42.55,42.98,42.18,42.35,32513.0,42.89145
2024-09-06,42.595,42.73,41.33,41.79,124702.0,42.55131
2024-09-09,41.5,41.98,41.35,41.76,18932.0,42.284306
2024-09-10,41.85,41.85,40.21,40.63,87697.0,42.167667
2024-09-11,41.09,41.34,40.41,41.1,24242.0,41.637745
2024-09-12,41.66,42.26,41.38,42.07,110761.0,41.480614
2024-09-13,42.15,42.49,41.71,41.95,23765.0,41.89443
2024-09-16,42.33,42.605,42.19,42.54,13505.0,42.16502
2024-09-17,42.41,43.12,42.41,42.89,22088.0,42.521885
2024-09-18,42.51,42.96,42.31,42.35,16153.0,42.862152
2024-09-19,43.12,43.5799,43.095,43.28,10535.0,42.758297
2024-09-20,43.22,43.45,42.98,43.42,7388.0,43.024006
2024-09-23,43.46,43.7483,42.52,43.19,34163.0,43.289726
2024-09-24,43.96,44.0,43.5728,43.71,209046.0,43.312675
2024-09-25,43.42,43.4887,42.77,43.01,19466.0,43.520603
2024-09-26,41.94,42.395,41.665,41.75,269532.0,43.327732
2024-09-27,41.9,42.43,41.76,42.38,20209.0,42.577778
2024-09-30,42.31,42.74,42.14,42.41,264828.0,42.390263
2024-10-01,41.83,43.988,41.83,43.3,71353.0,42.438747
2024-10-02,44.31,44.31,43.0214,43.61,83076.0,42.93925
2024-10-03,44.13,45.15,44.0,44.94,142485.0,43.43953
2024-10-04,45.18,45.5,44.95,45.06,136817.0,44.33044
2024-10-07,45.65,46.67,45.6,46.58,64599.0,44.88894
2024-10-08,45.5,45.5575,44.43,45.08,95670.0,45.839577
2024-10-09,44.12,44.7199,43.89,44.57,40234.0,45.561287
2024-10-10,45.07,45.93,44.86,45.82,47015.0,44.935688
2024-10-11,45.5,45.8675,45.401,45.7261,62145.0,45.207138
2024-10-14,45.01,45.26,44.92,45.07,30911.0,45.472244
2024-10-15,43.25,43.53,42.88,43.42,96316.0,45.281258
2024-10-16,43.26,43.26,42.74,43.18,15148.0,44.310722
2024-10-17,43.11,43.36,42.63,43.286,18575.0,43.621464
2024-10-18,42.88,42.91,42.28,42.7,46178.0,43.409115
2024-10-21,43.23,43.459,42.95,43.15,40294.0,43.146564
2024-10-22,43.67,44.39,43.5621,44.09,32659.0,43.23336
2024-10-23,43.75,44.0101,43.5354,43.84,45246.0,43.79937
2024-10-24,43.96,44.08,43.18,43.65,8838.0,44.04665
2024-10-25,44.06,44.3779,43.8,44.32,31866.0,43.996033
2024-10-28,41.91,42.2701,41.84,42.21,232623.0,44.210625
2024-10-29,42.04,42.05,41.4694,41.8,92863.0,43.342613
2024-10-30,42.24,42.76,42.19,42.6,62265.0,42.521843
2024-10-31,42.86,43.559,42.68,43.47,144976.0,42.477833
2024-11-01,43.73,43.8,42.84,42.89,50552.0,43.028572
2024-11-04,43.87,44.1,43.62,44.08,37902.0,43.16862
2024-11-05,44.39,44.5,43.96,44.23,19516.0,43.72141
2024-11-06,43.41,44.3461,43.41,44.16,59404.0,44.139187
2024-11-07,43.97,44.68,43.83,44.36,24439.0,44.2663
2024-11-08,43.99,43.99,43.31,43.6,18930.0,44.354145
2024-11-11,42.59,42.75,42.39,42.59,146121.0,44.00671
2024-11-12,42.91,42.95,42.3003,42.36,133716.0,43.27368
2024-11-13,42.13,42.635,41.79,42.31,40169.0,42.74369
2024-11-14,43.02,43.05,42.3966,42.53,108516.0,42.509987
2024-11-15,42.35,42.54,41.7,41.8,17003.0,42.568333
2024-11-18,42.49,43.2148,42.49,43.17,19085.0,42.344067
2024-11-19,43.36,43.52,43.0381,43.29,42648.0,42.80701
2024-11-20,43.49,43.49,42.911,43.04,10252.0,43.238247
2024-11-21,43.62,43.62,43.24,43.59,136686.0,43.320004
2024-11-22,43.48,44.2,43.43,44.07,35724.0,43.536877
2024-11-25,43.29,43.36,42.8033,42.89,222164.0,43.88141
2024-11-26,43.17,43.5,42.65,42.78,13503.0,43.499657
2024-11-27,42.78,42.9599,42.425,42.77,8209.0,43.1143
2024-11-29,43.03,43.24,42.69,42.71,7320.0,42.915295
2024-12-02,42.79,42.81,42.12,42.39,34291.0,42.835327
2024-12-03,42.94,43.47,42.88,43.3599,18173.0,42.684757
2024-12-04,43.48,43.48,42.558,42.6961,19856.0,43.05418
2024-12-05,42.73,42.74,42.39,42.56,7209.0,43.04033
2024-12-06,42.03,42.13,41.8421,42.05,102225.0,42.8932
2024-12-09,42.52,42.9243,42.457,42.48,15220.0,42.55611
2024-12-10,42.49,42.89,42.49,42.58,8850.0,42.53842
2024-12-11,43.16,43.55,43.02,43.4194,240990.0,42.641434
2024-12-12,43.2184,43.53,42.89,43.41,7711.0,43.111423
2024-12-13,43.678,44.0496,43.65,43.885,7681.0,43.414833
2024-12-16,43.87,43.88,43.61,43.61,6793.0,43.749016
2024-12-17,43.13,43.38,42.935,43.33,28508.0,43.77931
2024-12-18,43.67,43.88,43.075,43.0754,30649.0,43.591022
2024-12-19,43.56,43.62,42.84,42.8575,18062.0,43.331657
2024-12-20,42.635,43.19,42.4783,43.04,14371.0,43.091347
2024-12-23,42.75,42.8924,42.43,42.8924,8434.0,43.07124
2024-12-24,43.13,43.37,43.13,43.1465,7348.0,43.04389
2024-12-26,43.54,43.54,42.92,42.92,17069.0,43.159306
2024-12-27,43.43,43.57,43.24,43.2608,112268.0,43.14369
2024-12-30,43.77,44.0,43.73,43.7998,23197.0,43.27258
2024-12-31,44.08,44.27,43.9091,44.17,9855.0,43.618458
2025-01-02,44.81,45.125,44.69,44.69,64529.0,44.00819
2025-01-03,45.0,45.29,44.9284,45.19,34123.0,44.451855
2025-01-06,45.35,45.67,44.84,44.97,22623.0,44.914043
2025-01-07,45.4,45.5,45.235,45.3789,14561.0,45.012737
2025-01-08,45.48,45.48,44.8513,44.9384,39291.0,45.186462
2025-01-10,46.53,46.88,45.92,46.23,36589.0,45.055653
2025-01-13,46.45,46.62,46.22,46.25,12097.0,45.597637
2025-01-14,46.25,46.4339,46.06,46.4,22135.0,45.99438
2025-01-15,46.59,47.4,46.59,47.4,42978.0,46.23264
2025-01-16,46.8,46.8,46.31,46.6897,20342.0,46.84142
2025-01-17,46.56,46.81,46.44,46.49,37880.0,46.797817
2025-01-21,46.0,46.31,45.9674,46.28,46067.0,46.560184
2025-01-22,46.11,46.345,45.99,46.05,38337.0,46.316048
2025-01-23,46.26,46.45,45.62,45.69,36424.0,46.101723
2025-01-24,45.93,45.97,45.52,45.6,16446.0,45.845432
2025-01-27,45.37,45.53,44.5756,44.81,19221.0,45.696075
2025-01-28,45.15,45.15,44.7338,44.98,11373.0,45.261406
2025-01-29,44.71,44.9608,44.4217,44.6357,4328.0,45.110622
2025-01-30,44.65,44.98,44.64,44.7162,23954.0,44.927742
2025-01-31,44.65,44.95,44.3001,44.67,22273.0,44.884483
2025-02-03,44.5,44.65,43.98,44.25,72394.0,44.86374
2025-02-04,43.41,44.7,43.4,44.39,44970.0,44.646214
2025-02-05,44.0,44.0,43.7023,43.77,70859.0,44.567585
2025-02-06,43.89,43.94,43.51,43.6411,60650.0,44.241737
2025-02-07,43.95,43.9847,43.67,43.84,18780.0,43.973743
2025-02-10,44.39,44.6699,44.3641,44.64,7451.0,43.946426
2025-02-11,45.1,45.2893,44.994,45.23,18727.0,44.367466
2025-02-12,44.7,44.7501,44.2,44.2,29748.0,44.948555
2025-02-13,43.87,44.2499,43.83,44.18,11620.0,44.731426
2025-02-14,44.29,44.405,43.95,44.02,13509.0,44.453773
2025-02-18,44.2,44.6,44.2,44.58,11627.0,44.221832
2025-02-19,45.02,45.12,44.6983,44.7901,7711.0,44.39182
2025-02-20,45.11,45.27,44.991,45.05,10494.0,44.66046
2025-02-21,44.49,44.9833,43.72,43.72,24430.0,44.93983
2025-02-24,43.93,44.03,43.79,43.97,7906.0,44.412712
2025-02-25,43.77,43.77,42.6867,42.99,18273.0,44.134235
2025-02-26,42.945,42.945,42.5713,42.71,13697.0,43.57667
2025-02-27,43.19,43.53,43.09,43.372,13162.0,43.133904
2025-02-28,43.03,43.42,42.9,43.2825,15841.0,43.258587
2025-03-03,43.03,43.03,41.91,41.98,66819.0,43.401733
2025-03-04,41.67,42.02,41.19,41.82,117049.0,42.86918
2025-03-05,40.95,41.0,40.34,40.9871,49888.0,42.39425
2025-03-06,40.84,41.099,40.575,40.81,35103.0,41.78859
2025-03-07,41.55,41.87,41.21,41.31,31003.0,41.37197
2025-03-10,41.28,41.37,40.57,40.66,46969.0,41.413185
2025-03-11,41.04,41.2,40.66,40.91,9604.0,41.245922
2025-03-12,41.31,41.69,41.22,41.69,21620.0,41.21774
2025-03-13,41.33,41.42,40.97,40.97,20141.0,41.564537
2025-03-14,41.08,41.4077,41.07,41.3766,12876.0,41.50307
2025-03-17,41.76,41.7987,41.55,41.71,18961.0,41.547993
2025-03-18,41.99,42.08,41.3712,41.4867,8308.0,41.731277
2025-03-19,41.4781,41.79,41.46,41.58,12414.0,41.74739
2025-03-20,41.41,42.22,41.41,42.21,14282.0,41.751667
2025-03-21,42.02,42.23,41.89,42.13,31338.0,42.02782
2025-03-24,42.29,42.62,42.29,42.62,12804.0,42.19316
2025-03-25,42.78,42.78,42.26,42.51,8648.0,42.475895
2025-03-26,42.8513,43.0799,42.78,42.8772,6289.0,42.5944
2025-03-27,42.56,43.035,42.56,42.91,6120.0,42.788746
2025-03-28,42.94,42.94,42.41,42.41,13225.0,42.91544
2025-03-31,42.86,43.795,42.72,43.5799,23067.0,42.737366
2025-04-01,43.6,43.79,43.47,43.47,34097.0,43.13272
2025-04-02,43.3,43.84,43.21,43.83,39087.0,43.39936
2025-04-03,41.01,41.26,40.76,40.97,31136.0,43.684994
2025-04-04,38.54,39.139,37.83,38.96,85203.0,42.493664
2025-04-07,38.1,39.76,37.8227,38.37,38020.0,40.757526
2025-04-08,38.65,38.65,36.6,36.76,23890.0,39.516747
2025-04-09,36.06,38.929,35.5,38.82,136508.0,38.324776
2025-04-10,37.37,37.88,37.03,37.785,18006.0,38.479946
2025-04-11,37.4,38.28,37.38,38.14,29858.0,38.49847
2025-04-14,38.63,38.63,38.03,38.44,11326.0,38.61551
2025-04-15,38.27,38.44,38.07,38.2,8558.0,38.813797
2025-04-16,38.38,38.79,38.38,38.64,11678.0,38.82923
2025-04-17,39.09,39.88,39.01,39.65,18839.0,38.946045
2025-04-21,38.93,39.06,38.581,38.99,15945.0,39.423775
2025-04-22,39.21,39.86,39.21,39.41,16414.0,39.483665
2025-04-23,39.16,39.529,38.5328,38.8842,15211.0,39.574497
2025-04-24,39.25,39.35,38.95,39.1744,9038.0,39.401176
2025-04-25,38.96,39.4801,38.96,39.46,17280.0,39.364285
2025-04-28,39.36,39.4279,38.78,38.9074,11680.0,39.494347
2025-04-29,38.49,38.49,38.081,38.1,30946.0,39.383484
2025-04-30,37.81,37.82,36.48,36.78,19416.0,38.95266
2025-05-01,36.7,37.3841,36.51,37.18,25987.0,38.122307
2025-05-02,37.2,37.245,36.56,37.12,23034.0,37.72104
2025-05-05,36.55,36.62,36.04,36.33,25886.0,37.572628
2025-05-06,37.5,37.89,37.431,37.5313,13943.0,37.258022
2025-05-07,37.42,37.42,36.8199,36.9219,10798.0,37.48617
2025-05-08,37.37,37.93,37.37,37.93,18283.0,37.525116
2025-05-09,38.06,38.3693,38.03,38.22,18773.0,37.874924
2025-05-12,39.52,39.655,38.85,38.8962,18471.0,38.26565
2025-05-13,39.24,39.97,39.24,39.79,15851.0,38.755245
2025-05-14,39.7,39.859,39.35,39.4,9758.0,39.41151
2025-05-15,38.75,38.86,38.625,38.86,10405.0,39.646233
2025-05-16,38.87,39.13,38.72,38.93,11434.0,39.445065
2025-05-19,38.86,39.26,38.83,39.0195,7722.0,39.25789
2025-05-20,39.01,39.2,38.8,39.18,7024.0,39.195652
2025-05-21,39.49,39.49,38.6815,38.69,9342.0,39.266457
2025-05-22,38.36,38.6701,38.288,38.4586,9455.0,39.146896
2025-05-23,38.3,38.949,38.3,38.848,11907.0,38.953773
2025-05-27,38.6,38.6,38.189,38.52,48665.0,38.994488
2025-05-28,39.0,39.25,38.705,38.73,11106.0,38.943275
2025-05-29,38.59,38.59,38.14,38.2184,32923.0,38.98528
2025-05-30,38.04,38.07,37.57,38.0068,23072.0,38.825523
2025-06-02,39.21,39.21,38.73,39.0771,22512.0,38.605602
2025-06-03,39.23,39.609,39.22,39.35,9896.0,38.888382
2025-06-04,38.97,39.47,38.9,39.1,12321.0,39.277813
2025-06-05,39.555,39.64,39.2624,39.338,6980.0,39.41979
2025-06-06,39.48,39.98,39.48,39.9307,85471.0,39.534462
2025-06-09,40.05,40.1721,39.86,40.16,51865.0,39.82972
2025-06-10,40.24,40.51,39.61,39.97,11922.0,40.12652
2025-06-11,40.58,41.46,40.511,41.245,49985.0,40.206123
2025-06-12,41.02,41.47,40.88,41.39,48885.0,40.742165
2025-06-13,43.52,43.6099,42.62,43.17,315196.0,41.199062
2025-06-16,43.02,43.2,41.79,42.96,107365.0,42.21968
2025-06-17,43.74,44.64,43.546,44.39,145092.0,42.778763
2025-06-18,44.71,44.86,43.55,44.37,60615.0,43.631134
2025-06-20,44.4,44.75,44.27,44.69,54260.0,44.09985
2025-06-23,45.01,45.1,42.1108,42.15,324188.0,44.402153
2025-06-24,40.66,40.9266,40.075,40.39,228806.0,43.291473
2025-06-25,40.22,40.6044,40.04,40.14,46913.0,41.71561
2025-06-26,40.36,40.79,40.17,40.38,83113.0,40.749928
2025-06-27,40.42,40.56,39.952,40.1,61234.0,40.500362
2025-06-30,40.32,40.41,40.025,40.2,23504.0,40.43752
2025-07-01,40.01,40.18,39.83,40.16,24072.0,40.5125
2025-07-02,40.35,40.8933,40.04,40.7708,19898.0,40.575855
2025-07-03,40.57,40.75,40.43,40.59,32025.0,40.86031
2025-07-07,40.78,41.34,40.72,41.17,40892.0,40.972073
2025-07-08,41.1,41.75,41.1,41.51,13743.0,41.222237
2025-07-09,41.29,41.63,41.2,41.41,13802.0,41.517624
2025-07-10,40.8,41.05,40.7,40.87,16560.0,41.616024
2025-07-11,41.19,41.75,40.99,41.75,35703.0,41.372913
2025-07-14,41.566,41.566,41.08,41.13,62096.0,41.547665
2025-07-15,41.1,41.2175,40.91,41.03,12149.0,41.45865
2025-07-16,40.62,40.99,40.51,40.9059,15945.0,41.318607
2025-07-17,40.84,41.4273,40.84,41.39,23971.0,41.183422
2025-07-18,41.73,41.86,41.3,41.35,30340.0,41.33
2025-07-21,41.24,41.37,41.07,41.28,12479.0,41.458176
2025-07-22,41.01,41.1593,40.88,41.1,15085.0,41.494827
2025-07-23,40.96,41.2225,40.88,41.2225,7288.0,41.4166
2025-07-24,41.43,41.6,41.1,41.54,16555.0,41.402737
2025-07-25,41.38,41.39,40.88,40.89,13262.0,41.55033
2025-07-28,41.83,42.13,41.7,42.13,22706.0,41.37463
2025-07-29,42.26,43.44,42.26,43.31,32396.0,41.76141
